{
  "feature": {
    "type": "minecraft:random_selector",
    "config": {
      "features": [
        {
          "chance": 0.5,
          "feature": "blooming_biosphere:mangrove_swamp/trees/mangrove"
        },
        {
          "chance": 0.65,
          "feature": "blooming_biosphere:mangrove_swamp/trees/mini_mangrove"
        },
        {
          "chance": 0.23,
          "feature": "blooming_biosphere:swamp/trees/swamp_oak"
        }
      ],
      "default": "blooming_biosphere:swamp/trees/swamp_oak"
    }
  },
  "placement": [
    {
      "type": "minecraft:count",
      "count": {
        "type": "minecraft:weighted_list",
        "distribution": [
          {
            "weight": 16,
            "data": 64
          },
          {
            "weight": 10,
            "data": 52
          }
        ]
      }
    },
    {
      "type": "minecraft:in_square"
    },
    {
      "type": "minecraft:heightmap",
      "heightmap": "OCEAN_FLOOR"
    },
    {
      "type": "minecraft:biome"
    },
    {
      "type": "minecraft:block_predicate_filter",
      "predicate": {
        "type": "minecraft:would_survive",
        "state": {
          "Name": "minecraft:birch_sapling",
          "Properties": {
            "stage": "0"
          }
        }
      }
    }
  ]
}
