{
  "feature": {
    "type": "minecraft:random_selector",
    "config": {
      "features": [
        {
          "chance": 0.725,
          "feature": "blooming_biosphere:birch_forest/trees/tall_birch"
        },
        {
          "chance": 0.6,
          "feature": "blooming_biosphere:birch_forest/trees/birch"
        },
        {
          "chance": 0.5,
          "feature": "blooming_biosphere:birch_forest/trees/fallen_birch"
        },
        {
          "chance": 0.5,
          "feature": "blooming_biosphere:oak_forest/trees/standard_oak_blob"
        },
        {
          "chance": 0.5,
          "feature": "blooming_biosphere:oak_forest/trees/standard_oak_fancy"
        }
      ],
      "default": "blooming_biosphere:blank"
    }
  },
  "placement": [
    {
      "type": "minecraft:count",
      "count": {
        "type": "minecraft:weighted_list",
        "distribution": [
          {
            "weight": 7,
            "data": 11
          },
          {
            "weight": 1,
            "data": 8
          }
        ]
      }
    },
    {
      "type": "minecraft:in_square"
    },
    {
      "type": "minecraft:surface_water_depth_filter",
      "max_water_depth": 0
    },
    {
      "type": "minecraft:heightmap",
      "heightmap": "OCEAN_FLOOR"
    },
    {
      "type": "minecraft:biome"
    }
  ]
}
