{
  "feature": "blooming_biosphere:oak_forest/trees/fallen_oak",
  "placement": [
    {
      "type": "minecraft:block_predicate_filter",
      "predicate": {
        "type": "minecraft:not",
        "predicate": {
          "type": "minecraft:all_of",
          "predicates": [
            {
              "type": "minecraft:matching_blocks",
              "offset": [
                2,
                -1,
                0
              ],
              "blocks": "minecraft:air"
            },
            {
              "type": "minecraft:matching_blocks",
              "offset": [
                -2,
                -1,
                0
              ],
              "blocks": "minecraft:air"
            },
	    {
              "type": "minecraft:matching_blocks",
              "offset": [
                0,
                -1,
                2
              ],
              "blocks": "minecraft:air"
            },
            {
              "type": "minecraft:matching_blocks",
              "offset": [
                0,
                -1,
                -2
              ],
              "blocks": "minecraft:air"
            }
          ]
        }
      }
    },
    {
      "type": "minecraft:block_predicate_filter",
      "predicate": {
        "type": "minecraft:matching_blocks",
        "offset": [
          0,
          0,
          0
        ],
        "blocks": "minecraft:air"
      }
    },
    {
      "type": "minecraft:count",
      "count": {
        "type": "minecraft:uniform",
        "value": {
          "min_inclusive": 1,
          "max_inclusive": 1
        }
      }
    },
    {
      "type": "minecraft:random_offset",
      "xz_spread": {
        "type": "minecraft:uniform",
        "value": {
          "min_inclusive": 8,
          "max_inclusive": 12
        }
      },
      "y_spread": 0
    },
    {
      "type": "minecraft:block_predicate_filter",
      "predicate": {
        "type": "minecraft:would_survive",
        "state": {
          "Name": "minecraft:oak_sapling",
          "Properties": {
            "stage": "0"
          }
        }
      }
    }
  ]
}
