{
    "type": "minecraft:tree",
    "config": {
      "ignore_vines": true,
      "force_dirt": false,
      "minimum_size": {
        "type": "minecraft:two_layers_feature_size",
        "limit": 1,
        "lower_size": 0,
        "upper_size": 2
      },
      "dirt_provider": {
        "type": "minecraft:simple_state_provider",
        "state": {
          "Name": "minecraft:dirt"
        }
      },
      "trunk_provider": {
        "type": "minecraft:simple_state_provider",
        "state": {
          "Name": "minecraft:cherry_log",
          "Properties": {
            "axis": "y"
          }
        }
      },
      "foliage_provider": {
        "type": "minecraft:simple_state_provider",
        "state": {
          "Name": "minecraft:cherry_leaves",
          "Properties": {
            "distance": "7",
            "persistent": "false",
            "waterlogged": "false"
          }
        }
      },
      "trunk_placer": {
        "type": "minecraft:cherry_trunk_placer",
        "base_height": 6,
        "height_rand_a": 2,
        "height_rand_b": 0,
        "branch_count": {
          "type": "minecraft:weighted_list",
          "distribution": [
            {
              "weight": 1,
              "data": 1
            },
            {
              "weight": 1,
              "data": 2
            }
          ]
        },
        "branch_horizontal_length": 2,
        "branch_start_offset_from_top": {
          "min_inclusive": -4,
          "max_inclusive": -3
        },
        "branch_end_offset_from_top": {
          "type": "minecraft:uniform",
          "value": {
            "min_inclusive": -1,
            "max_inclusive": 0
          }
        }
      },
      "foliage_placer": {
        "type": "minecraft:fancy_foliage_placer",
        "radius": 2,
        "offset": 0,
        "height": 2
      },
      "decorators": [
        {
          "type": "minecraft:beehive",
          "probability": 0.05
        }
      ]
    }
  }
  