{
  "type": "minecraft:tree",
  "config": {
    "ignore_vines": true,
    "force_dirt": false,
    "minimum_size": {
      "type": "minecraft:two_layers_feature_size",
      "limit": 1,
      "lower_size": 0,
      "upper_size": 2
    },
    "dirt_provider": {
      "type": "minecraft:simple_state_provider",
      "state": {
        "Name": "minecraft:air"
      }
    },
    "root_placer": {
      "type": "minecraft:mangrove_root_placer",
      "root_provider": {
        "type": "minecraft:simple_state_provider",
        "state": {
          "Name": "minecraft:oak_log",
          "Properties": {
            "axis": "y"
          }
        }
      },
      "trunk_offset_y": {
        "type": "minecraft:uniform",
        "value": {
          "min_inclusive": 1,
          "max_inclusive": 2
        }
      },
      "mangrove_root_placement": {
        "max_root_width": 3,
        "max_root_length": 3,
        "random_skew_chance": 0.3,
        "can_grow_through": "#minecraft:mangrove_roots_can_grow_through",
        "muddy_roots_in": "minecraft:mud",
        "muddy_roots_provider": {
          "type": "minecraft:simple_state_provider",
          "state": {
            "Name": "minecraft:oak_log",
            "Properties": {
              "axis": "y"
            }
          }
        }
      }
    },
    "trunk_provider": {
      "type": "minecraft:simple_state_provider",
      "state": {
        "Name": "minecraft:oak_log",
        "Properties": {
          "axis": "y"
        }
      }
    },
    "foliage_provider": {
      "type": "minecraft:simple_state_provider",
      "state": {
        "Name": "minecraft:oak_leaves",
        "Properties": {
          "distance": "7",
          "persistent": "false",
          "waterlogged": "false"
        }
      }
    },
    "trunk_placer": {
      "type": "minecraft:cherry_trunk_placer",
      "base_height": 6,
      "height_rand_a": 2,
      "height_rand_b": 0,
      "branch_count": {
        "type": "minecraft:weighted_list",
        "distribution": [
          {
            "weight": 1,
            "data": 1
          },
          {
            "weight": 1,
            "data": 2
          }
        ]
      },
      "branch_horizontal_length": 2,
      "branch_start_offset_from_top": {
        "min_inclusive": -3,
        "max_inclusive": -2
      },
      "branch_end_offset_from_top": {
        "type": "minecraft:uniform",
        "value": {
          "min_inclusive": -1,
          "max_inclusive": 0
        }
      }
    },
    "foliage_placer": {
      "type": "minecraft:cherry_foliage_placer",
      "radius": 4,
      "offset": 0,
      "height": 4,
      "wide_bottom_layer_hole_chance": 1,
      "corner_hole_chance": 1,
      "hanging_leaves_chance": 0.3,
      "hanging_leaves_extension_chance": 0.15
    },
    "decorators": []
  }
}
