{
  "feature": "blooming_biosphere:mangrove_swamp/trees/mini_mangrove",
  "placement": [
    {
      "type": "minecraft:rarity_filter",
      "chance": 3
    },
    {
      "type": "minecraft:surface_water_depth_filter",
      "max_water_depth": 2
    },
    {
      "type": "minecraft:count",
      "count": {
        "type": "minecraft:uniform",
        "value": {
          "min_inclusive": 3,
          "max_inclusive": 6
        }
      }
    },
    {
      "type": "minecraft:in_square"
    },
    {
      "type": "minecraft:heightmap",
      "heightmap": "OCEAN_FLOOR"
    },
    {
      "type": "minecraft:biome"
    },
    {
      "type": "minecraft:block_predicate_filter",
      "predicate": {
        "type": "minecraft:matching_fluids",
        "offset": [
          0,
          0,
          0
        ],
        "fluids": "minecraft:water"
      }
    }
  ]
}
