{
  "type": "minecraft:waterlogged_vegetation_patch",
  "config": {
    "surface": "floor",
    "depth": 1,
    "vertical_range": 1,
    "extra_bottom_block_chance": 1,
    "extra_edge_column_chance": 1,
    "vegetation_chance": 0.33,
    "xz_radius": {
      "type": "minecraft:uniform",
      "value": {
        "min_inclusive": 0,
        "max_inclusive": 4
      }
    },
    "replaceable": "#minecraft:base_stone_overworld",
    "ground_state": {
      "type": "minecraft:simple_state_provider",
      "state": {
        "Name": "minecraft:tuff"
      }
    },
    "vegetation_feature": "blooming_biosphere:tidepools/water_deco_yellow_red"
  }
}
