{
  "type": "minecraft:vegetation_patch",
  "config": {
    "surface": "floor",
    "depth": 1,
    "vertical_range": 1,
    "extra_bottom_block_chance": 0,
    "extra_edge_column_chance": 0.4,
    "vegetation_chance": 0.09,
    "xz_radius": {
      "type": "minecraft:uniform",
      "value": {
        "min_inclusive": 4,
        "max_inclusive": 6
      }
    },
    "replaceable": "#minecraft:base_stone_overworld",
    "ground_state": {
      "type": "minecraft:simple_state_provider",
      "state": {
        "Name": "minecraft:mycelium"
      }
    },
    "vegetation_feature": {
      "feature": {
        "type": "minecraft:random_selector",
        "config": {
          "features": [
            {
              "chance": 0.15,
              "feature": {
                "feature": "minecraft:huge_red_mushroom",
                "placement": []
              }
            },
            {
              "chance": 0.23,
              "feature": {
                "feature": "minecraft:huge_brown_mushroom",
                "placement": []
              }
            }
          ],
          "default": {
            "feature": {
              "type": "minecraft:random_patch",
              "config": {
                "tries": 10,
                "xz_spread": 6,
                "y_spread": 1,
                "feature": {
                  "feature": {
                    "type": "minecraft:simple_block",
                    "config": {
                      "to_place": {
                        "type": "minecraft:weighted_state_provider",
                        "entries": [
                          {
                            "weight": 1,
                            "data": {
                              "Name": "minecraft:red_mushroom"
                            }
                          },
                          {
                            "weight": 1,
                            "data": {
                              "Name": "minecraft:brown_mushroom"
                            }
                          }
                        ]
                      }
                    }
                  },
                  "placement": [
                    {
                      "type": "minecraft:block_predicate_filter",
                      "predicate": {
                        "type": "minecraft:matching_blocks",
                        "offset": [
                          0,
                          0,
                          0
                        ],
                        "blocks": "minecraft:air"
                      }
                    },
                    {
                      "type": "minecraft:block_predicate_filter",
                      "predicate": {
                        "type": "minecraft:matching_blocks",
                        "offset": [
                          0,
                          -1,
                          0
                        ],
                        "blocks": "minecraft:mycelium"
                      }
                    }
                  ]
                }
              }
            },
            "placement": []
          }
        }
      },
      "placement": []
    }
  }
}
