{
  "type": "minecraft:tree",
  "config": {
    "ignore_vines": true,
    "force_dirt": false,
    "minimum_size": {
      "type": "minecraft:three_layers_feature_size",
      "limit": 1,
      "upper_limit": 1,
      "lower_size": 0,
      "middle_size": 1,
      "upper_size": 2
    },
    "dirt_provider": {
      "type": "minecraft:simple_state_provider",
      "state": {
        "Name": "minecraft:dirt"
      }
    },
    "trunk_provider": {
      "type": "minecraft:simple_state_provider",
      "state": {
        "Name": "minecraft:dark_oak_log",
        "Properties": {
          "axis": "y"
        }
      }
    },
    "foliage_provider": {
      "type": "minecraft:simple_state_provider",
      "state": {
        "Name": "minecraft:dark_oak_leaves",
        "Properties": {
          "distance": "7",
          "persistent": "false",
          "waterlogged": "false"
        }
      }
    },
    "trunk_placer": {
      "type": "minecraft:dark_oak_trunk_placer",
      "base_height": 8,
      "height_rand_a": 8,
      "height_rand_b": 0
    },
    "foliage_placer": {
      "type": "minecraft:dark_oak_foliage_placer",
      "radius": {
        "type": "minecraft:weighted_list",
        "distribution": [
          {
            "weight": 3,
            "data": 0
          },
          {
            "weight": 1,
            "data": 1
          }
        ]
      },
      "offset": 0
    },
    "decorators": [
      {
        "type": "minecraft:attached_to_leaves",
        "probability": 0.55,
        "exclusion_radius_xz": 0,
        "exclusion_radius_y": 0,
        "required_empty_blocks": 1,
        "block_provider": {
          "type": "minecraft:simple_state_provider",
          "state": {
            "Name": "minecraft:dark_oak_leaves",
            "Properties": {
              "distance": "7",
              "persistent": "false",
              "waterlogged": "false"
            }
          }
        },
        "directions": [
          "down"
        ]
      }
    ]
  }
}
