{
  "feature": "blooming_biosphere:mangrove_swamp/trees/mangrove_bush",
  "placement": [
    {
      "type": "minecraft:count",
      "count": {
        "type": "minecraft:weighted_list",
        "distribution": [
          {
            "weight": 5,
            "data": 24
          },
          {
            "weight": 2,
            "data": 16
          }
        ]
      }
    },
    {
      "type": "minecraft:in_square"
    },
    {
      "type": "minecraft:heightmap",
      "heightmap": "OCEAN_FLOOR"
    },
    {
      "type": "minecraft:biome"
    },
    {
      "type": "minecraft:surface_water_depth_filter",
      "max_water_depth": 3
    },
    {
      "type": "minecraft:block_predicate_filter",
      "predicate": {
        "type": "minecraft:matching_blocks",
        "offset": [
          0,
          -1,
          0
        ],
        "blocks": [
          "minecraft:dirt",
          "minecraft:grass",
          "minecraft:stone",
          "minecraft:gravel",
          "minecraft:sand",
          "minecraft:clay",
          "minecraft:mud"
        ]
      }
    }
  ]
}
