{
  "feature": "blooming_biosphere:mangrove_swamp/trees/mini_mangrove",
  "placement": [
    {
      "type": "minecraft:surface_water_depth_filter",
      "max_water_depth": 2
    },
    {
      "type": "minecraft:block_predicate_filter",
      "predicate": {
        "type": "minecraft:matching_blocks",
        "offset": [
          0,
          -1,
          0
        ],
        "blocks": [
          "minecraft:grass_block",
          "minecraft:mud",
          "minecraft:sand"
        ]
      }
    }
  ]
}
