{
    "type": "minecraft:vegetation_patch",
    "config": {
        "surface": "floor",
        "depth": 1,
        "vertical_range": 1,
        "extra_bottom_block_chance": 0,
        "extra_edge_column_chance": 0,
        "vegetation_chance": 1,
        "xz_radius": 0,
        "replaceable": "#minecraft:lush_ground_replaceable",
        "ground_state": {
            "type": "minecraft:simple_state_provider",
            "state": {
                "Name": "minecraft:grass_block",
                "Properties": {
                    "snowy": "false"
                }
            }
        },
        "vegetation_feature": {
            "feature": {
                "type": "minecraft:random_boolean_selector",
                "config": {
                    "feature_false": {
                        "feature": {
                            "type": "minecraft:block_column",
                            "config": {
                                "direction": "north",
                                "allowed_placement": {
                                    "type": "minecraft:matching_blocks",
                                    "offset": [
                                        0,
                                        -1,
                                        0
                                    ],
                                    "blocks": "#minecraft:lush_ground_replaceable"
                                },
                                "prioritize_tip": false,
                                "layers": [
                                    {
                                        "height": {
                                            "type": "minecraft:uniform",
                                            "value": {
                                                "min_inclusive": 4,
                                                "max_inclusive": 6
                                            }
                                        },
                                        "provider": {
                                            "type": "minecraft:simple_state_provider",
                                            "state": {
                                                "Name": "minecraft:oak_log",
                                                "Properties": {
                                                    "axis": "z"
                                                }
                                            }
                                        }
                                    }
                                ]
                            }
                        },
                        "placement": []
                    },
                    "feature_true": {
                        "feature": {
                            "type": "minecraft:block_column",
                            "config": {
                                "direction": "east",
                                "allowed_placement": {
                                    "type": "minecraft:true"
                                },
                                "prioritize_tip": false,
                                "layers": [
                                    {
                                        "height": {
                                            "type": "minecraft:uniform",
                                            "value": {
                                                "min_inclusive": 4,
                                                "max_inclusive": 6
                                            }
                                        },
                                        "provider": {
                                            "type": "minecraft:simple_state_provider",
                                            "state": {
                                                "Name": "minecraft:oak_log",
                                                "Properties": {
                                                    "axis": "x"
                                                }
                                            }
                                        }
                                    }
                                ]
                            }
                        },
                        "placement": []
                    }
                }
            },
            "placement": []
        }
    }
}